exporter,importer,pair_id,year,trade,dist,cntg,lang,clny,log_dist,intl,y,e,e_r,fe_exporter_bln,fe_importer_bln,tij_bln,omr_bln,imr_bln,tradehat_bln,xi_bln,tij_cfl,log_tij_cfl,fe_exporter_cfl,fe_importer_cfl,omr_cfl,imr_cfl,tradehat_cfl,xi_cfl,change_tij,phi,change_p_i,change_p_j,trade_cfl,omr_cfl_0,imr_cfl_0,change_imr_full_0,change_omr_full_0,change_p_i_0,change_p_j_0,fe_exporter_cfl_0,fe_importer_cfl_0,tradehat_0,e_r_cfl_0,trade_1,tradehat_1,y_cfl_1,e_cfl_1,e_r_cfl_1,change_p_i_1,change_p_j_1,omr_cfl_1,imr_cfl_1,change_omr_full_1,change_imr_full_1,fe_exp_cfl_0,fe_imp_cfl_0,change_p_i_full,change_p_j_full,y_full,e_full,e_full_r,omr_full,imr_full,x_full,xi_full,change_price_full,change_omr_cfl,change_omr_full,change_xi_cfl,change_xi_full,change_imr_full,rgdp,log_y
ARG,ARG,12339,2006,32313.3693268635,533.908239819169,0,0,0,6.280223988650149,0,59561.41971842669,60231.607252456146,1771970.008304786,16.60491237536353,-1.5147178893715252,0.006946861442565901,6486.3382260095905,0.15459722935497833,24852.88629795108,34708.533420474676,0.006946861442565901,-4.969465312401072,14.869260361658553,-2.2451764694930336,36794.56585612789,0.32094885965979586,2110.370027892904,57451.04969053355,1,1.011252040955332,1.335459377445095,1.335459377445095,3763.7431168734524,36779.65546707624,0.3208909001030148,1.0000193389372607,1.0000835953130045,1.000052287496421,1.000052287496421,14.869260361658553,-2.2451764694930336,2109.3518754488273,1771738.393484195,2109.35187544883,2109.3518754488273,59529.6078695256,60199.437455328356,1771738.393484195,1.000052287496421,1.000052287496421,36779.65546707624,0.3208909001030148,1.0000835953130045,1.0000193389372607,14.86900071407742,-2.2453993904257294,1.3354302827999665,1.3354302827999665,79540.12357854604,80435.11230664402,2200336.720779877,49130.154827492675,0.34516303375666685,2620.886178164448,71348.93884239689,33.54302827999665,-25.11939959468267,-28.64212480333136,65.52427898507227,105.56598568439632,12.529239023288675,52.67162053792105,10.994763323290663
AUS,AUS,12340,2006,261364.581357139,1121.10364922907,0,0,0,7.0220688801975735,0,305793.00572269154,362227.391241487,1771970.008304786,17.830908509131536,0.06431561956429895,0.0038623548917141983,9772.793941875549,0.19168715095248035,228375.37203763565,77417.63368505612,0.0038623548917141983,-5.55647820595222,16.688062869129322,-0.29877351651457384,30644.341745420028,0.27560088685263123,50655.90800786509,255137.09771482556,1,1.184550936295688,1.2098232485181108,1.2098232485181108,74143.64901038834,30632.774589521556,0.2755587714275876,1.0000165360842928,1.0000807922799437,1.0000542892622035,1.0000542892622035,16.688062869129322,-0.29877351651457384,50630.252810153484,1771738.393484195,50630.252810153135,50630.252810153484,305634.5009239346,362039.6342337121,1771738.393484195,1.0000542892622035,1.0000542892622035,30632.774589521556,0.2755587714275876,1.0000807922799437,1.0000165360842928,16.687791211593485,-0.2990084474021315,1.2097968910124628,1.2097968910124628,369947.42761666846,438221.571763506,2200336.720779877,37068.58348979094,0.26850989523588864,62909.99558629094,316856.8943359315,20.97968910124628,-17.343297773052324,-19.92404530015771,229.5594111707841,309.2825875109306,5.462208780656841,27.96965905470925,12.63066370015108
AUT,AUT,12341,2006,73141.9013857947,153.257501607919,0,0,0,5.032119523751542,0,170426.5718851122,174533.5954199685,1771970.008304786,16.663523989125718,-1.5694174394954998,0.01865100327768046,17503.188005364485,0.47316433516998385,66986.82319774422,103439.74868736733,0.01865100327768046,-3.9818553392893237,14.894619888644451,-2.257873712999842,102646.09866479195,0.9418999260383587,5738.1425326228255,164688.42935248933,1,1.0240984929135635,1.342881059167247,1.342881059167247,10347.761928473528,102622.55547201421,0.9418955199044967,1.0000002329493725,1.0000644880974856,1.000011022103537,1.000011022103537,14.894619888644451,-2.257873712999842,5738.214836699803,1771738.393484195,5738.214836699813,5738.214836699803,170407.70104383802,174514.2698198596,1771738.393484195,1.000011022103537,1.000011022103537,102622.55547201421,0.9418955199044967,1.0000644880974856,1.0000002329493725,14.89460782558342,-2.257849049411544,1.3428518028315426,1.3428518028315426,228857.62930632243,234372.7532643758,2200336.720779877,137820.48172719093,1.0185915513628259,7126.247176237804,204527.93703884783,34.28518028315426,-25.533241147944686,-29.10201389163387,59.211938778232984,97.72663761684677,11.99608583713504,52.59000870647479,12.046059819513152
BEL,BEL,12343,2006,486706.978482757,66.7750388524264,0,0,0,4.20132934083676,0,762280.2254298639,760115.3540678454,1771970.008304786,17.373912297783434,-0.9040841065576088,0.03599190913429619,38474.83629502653,1.0594046551985348,511635.16372411046,250645.06170575548,0.03599190913429619,-3.324461112054805,16.09275380456327,-1.0869301583093764,138540.52998598883,1.2719525440108685,118345.3748844381,643934.8505454274,1,0.9971600058747455,1.238036201226853,1.238036201226853,181391.9366969415,138511.5614372045,1.2719723755167387,0.9999986427568374,1.0000628978027681,1.0000145337705177,1.0000145337705177,16.09275380456327,-1.0869301583093764,118341.87913935071,1771738.393484195,118341.8791393505,118341.87913935071,762195.2101824441,760030.5802632289,1771738.393484195,1.0000145337705177,1.0000145337705177,138511.5614372045,1.2719723755167387,1.0000628978027681,0.9999986427568374,16.09272067176958,-1.0869265644539103,1.2380092290669062,1.2380092290669062,943709.9542173733,941029.8234914518,2200336.720779877,171492.03600800817,1.2681248435921655,146974.11031467418,799708.073525837,23.800922906690623,-19.226917677444888,-22.048919871521623,156.91104630713775,219.05997592111092,2.9527326585319646,27.56765470900675,13.544069516973318
BGR,BGR,12342,2006,14374.1657395057,179.52774416151,0,0,0,5.1903297595584865,0,24684.405405443773,28539.964807961045,1771970.008304786,15.306406333374031,-2.674131597356518,0.016456328145093867,9848.979398328054,0.23353805718307047,5040.343683665717,19644.06172177765,0.016456328145093867,-4.107045186073497,13.366618975675731,-3.6153603673628023,68522.02271799262,0.5985881623295334,282.6511416590456,24401.754263784867,1,1.1561941371156943,1.3816768814083271,1.3816768814083271,539.58979291786045,68503.28148043234,0.5985589321578821,1.00000472497245,1.0000689804092342,1.0000173236339855,1.0000173236339855,13.366618975675731,-3.6153603673628023,282.6333304596061,1771738.393484195,282.63333045960644,282.6333304596061,24679.64925282379,28534.46577218659,1771738.393484195,1.0000173236339855,1.0000173236339855,68503.28148043234,0.5985589321578821,1.0000689804092342,1.00000472497245,13.366569103967864,-3.615373512420206,1.381646779857336,1.381646779857336,34105.12924112441,39432.15047416107,2200336.720779877,94660.85726629755,0.6660278252004556,351.0268154993847,30304.74259377828,38.1646779857336,-27.624178021947376,-31.419054864528363,24.219494977114554,54.269229159375264,16.026121012393123,64.53292339410015,10.113926963120857
BOL,BOL,12344,2006,3342.10144081832,336.798501489949,0,0,0,5.819484833100402,0,4139.963581437097,5898.392670602294,1771970.008304786,14.282028365240173,-3.441228506661785,0.010002822367183264,4600.942208576414,0.10394027600913772,510.76615823512714,3629.1974232019716,0.010002822367183264,-4.604887989091055,12.167321348189079,-4.596267589705595,38128.73233788767,0.32992176417207636,19.417326176886256,4120.5462552873005,1,1.4247450622632767,1.4225501902276751,1.4225501902276751,39.293853549392956,38112.84786367315,0.3298584329178631,1.0000209176985249,1.0000851741757444,1.0000543361659369,1.0000543361659369,12.167321348189079,-4.596267589705595,19.407481152580065,1771738.393484195,19.407481152579972,19.407481152580065,4137.654506762535,5895.102827861315,1771738.393484195,1.0000543361659369,1.0000543361659369,38112.84786367315,0.3298584329178631,1.0000851741757444,1.0000209176985249,12.167049409246125,-4.596502801998894,1.4225191982007657,1.4225191982007657,5889.1776744462695,8390.576812458448,2200336.720779877,54231.76417412698,0.37795171685155976,24.114539687963415,5117.340837972613,42.251919820076566,-29.703710500368853,-33.71241846670689,13.53877386069069,41.00475232503833,19.358625065944523,76.40066273225521,8.328442270026343
BRA,BRA,12345,2006,465995.045863414,1157.49441196575,0,0,0,7.054012958273358,0,552641.6304723107,532990.3059151794,1771970.008304786,18.337492709349732,0.10889414431358747,0.00376594983731654,10642.117961174748,0.2697558161609182,386401.27652197756,166240.35395032426,0.00376594983731654,-5.581755168719971,17.123419039302775,-0.03339754964243011,35833.857641655806,0.31100495955140944,99535.16929448163,453106.4611778308,1,0.9644411070871798,1.2242710573719369,1.2242710573719369,149187.2555129447,35819.45222262343,0.31094979978420695,1.0000193394805197,1.0000835958562218,1.0000593332606291,1.0000593332606291,17.123419039302775,-0.03339754964243011,99478.73761233153,1771738.393484195,99478.7376123333,99478.73761233153,552324.8987030978,532684.8367770301,1771738.393484195,1.0000593332606291,1.0000593332606291,35819.45222262343,0.31094979978420695,1.0000835958562218,1.0000193394805197,17.12311711949562,-0.033662742802802126,1.224244385102786,1.224244385102786,676568.413079775,652510.3893308747,2200336.720779877,43863.66482985497,0.306621536667962,123613.55875852297,562716.7016410298,22.4244385102786,-18.31874208097062,-21.025444108685697,172.56105416692478,238.4958515001599,2.112321956069929,25.06624016082688,13.222465024269608
CAN,CAN,12347,2006,223582.578420015,1485.63636145449,0,0,0,7.303598485677637,0,485003.2436246267,494739.97492069565,1771970.008304786,17.97164466064988,0.12983551362656245,0.0030910353514811,13465.264947426895,0.24520752210737784,224634.74246718825,260368.50115743806,0.0030910353514811,-5.779249178990053,16.182620446045753,-0.8428770731636986,80570.90606583556,0.6486008262811527,14192.858490715264,470810.3851339072,1,1.0200756003677467,1.347391771304572,1.347391771304572,25766.63195519307,80527.35781408516,0.6483959455573832,1.0000366697404228,1.0001009272297667,1.0001063016299363,1.0001063016299363,16.182620446045753,-0.8428770731636986,14176.819883061067,1771738.393484195,14176.819883061198,14176.819883061067,484521.5692406569,494248.63063428586,1771738.393484195,1.0001063016299363,1.0001063016299363,80527.35781408516,0.6483959455573832,1.0001009272297667,1.0000366697404228,16.182036739359575,-0.8434240532023821,1.3473624166973879,1.3473624166973879,653475.1424361491,666594.0482459535,2200336.720779877,108544.02103060711,0.7037674021701603,17626.22959732788,584703.3527886883,34.73624166973879,-25.78253620832345,-29.378842278422212,80.82463241174491,124.56762250020917,16.115038996713714,60.62025905270474,13.091910857783084
CHE,CHE,12348,2006,251300.586580212,110.876319767737,0,0,0,4.708415343762843,0,380556.43073995196,374808.8673527322,1771970.008304786,17.10287273976227,-1.1883511114215186,0.024095934748564102,25187.912532085036,0.6941411969936374,196577.00038387542,183979.4303560731,0.024095934748564102,-3.725712135346238,15.529983594305065,-1.6585436786517256,121419.72726339428,1.110835774436305,25482.004606273906,355074.4261336733,1,0.9848969484603264,1.2997191347195287,1.2997191347195287,43045.98156779478,121393.25652538078,1.11084319171367,0.9999991929976478,1.000063448078822,1.000011289979609,1.000011289979609,15.529983594305065,-1.6585436786517256,25482.243782689096,1771738.393484195,25482.24378268929,25482.243782689096,380518.0020502174,374771.01905347937,1771738.393484195,1.000011289979609,1.000011289979609,121393.25652538078,1.11084319171367,1.000063448078822,0.9999991929976478,15.529969924005531,-1.6585206223051963,1.299690818720083,1.299690818720083,494605.6990376008,487135.64367321954,2200336.720779877,157787.47758307244,1.1626717732751395,31646.314523897927,440969.89787264157,29.969081872008307,-23.060300238190013,-26.34765019012536,92.99680700525248,139.6843478747543,8.237525747048302,41.636418296368724,12.849389752094217
CHL,CHL,12349,2006,72776.633436369,503.977751252461,0,0,0,6.222532122756624,0,105622.47138972323,98440.09457151043,1771970.008304786,17.084441873474407,-1.1888923221330139,0.0072713418096185655,7120.883160151957,0.1824084825292928,58205.499065041004,47416.97232468158,0.0072713418096185655,-4.923814436431727,15.571937489175445,-1.6198693399925048,32315.149381697825,0.2806829104222485,8335.291042996485,97287.18034672785,1,0.931999538320672,1.2867041983043892,1.2867041983043892,13799.971981965311,32301.83183613745,0.28063029055799793,1.0000203400080785,1.000084596448194,1.000057617414908,1.000057617414908,15.571937489175445,-1.6198693399925048,8330.736850829313,1771738.393484195,8330.736850829358,8330.736850829313,105561.9558596374,98383.69412540921,1771738.393484195,1.000057617414908,1.000057617414908,32301.83183613745,0.28063029055799793,1.000084596448194,1.0000203400080785,15.571645863840645,-1.6201242386776527,1.2866761658515364,1.2866761658515364,135901.9165154927,126660.52344933369,2200336.720779877,41573.69768238568,0.29083886934719533,10351.667620762877,120821.76249343061,28.667616585153645,-22.28205975252169,-25.477765626445336,105.17375019342543,154.80699540687505,7.480751364654747,39.071186248262045,11.567626424867342
CHN,CHN,12350,2006,2795425.71984987,1018.0708828167,0,0,0,6.925664824172401,0,3711792.1290975767,3207130.3364955927,1771970.008304786,19.70241970902246,0.6295692261285721,0.0041685174166119394,18255.252891401055,0.9643658039275037,2818721.8434891766,893070.2856083952,0.0041685174166119394,-5.480194841973854,18.454065216462823,1.0659154722085429,63612.33263089733,0.6233601497267529,1251415.4725943543,2460376.6565031735,1,0.8640382394677153,1.2312859143491264,1.2312859143491264,1897227.202056034,63589.09107005264,0.6232724378292885,1.000015153027523,1.0000794091342917,1.0000497212410877,1.0000497212410877,18.454065216462823,1.0659154722085429,1250850.2420309237,1771738.393484195,1250850.2420309233,1250850.2420309237,3710014.7503620945,3205594.6133021195,1771738.393484195,1.0000497212410877,1.0000497212410877,63589.09107005264,0.6232724378292885,1.0000794091342917,1.000015153027523,18.45382096562839,1.0657079480218528,1.231259089252583,1.231259089252583,4570177.796367588,3948808.3772278936,2200336.720779877,78313.02507923785,0.6180956753574353,1554143.3359619875,3055562.335931198,23.125908925258297,-18.784094876240587,-21.550115431541105,175.49641905587157,242.14130569237636,-7.69553122969977,14.327778988942107,15.12702537161587
CMR,CMR,12351,2006,2508.18117042446,400.736531711185,0,0,0,5.993304183217325,0,3436.29497832556,4407.707992793849,1771970.008304786,14.085295890998314,-3.8091202397097694,0.008717444557788957,4649.22455554699,0.11221123680300665,253.09034300888356,3183.2046353166693,0.008717444557788957,-4.742429139309776,11.953471189354048,-4.928303182456429,39194.05766352275,0.343630200492613,9.80349414549373,3426.491484180068,1,1.2826919751055947,1.4266144459373138,1.4266144459373138,19.952353403559993,39180.820557037616,0.3435913455397958,1.0000120712086058,1.0000763271173112,1.0000334705159906,1.0000334705159906,11.953471189354048,-4.928303182456429,9.80097718202014,1771738.393484195,9.800977182020091,9.80097718202014,3435.079359467014,4406.148728239205,1771738.393484195,1.0000334705159906,1.0000334705159906,39180.820557037616,0.3435913455397958,1.0000763271173112,1.0000120712086058,11.953324438814587,-4.928413206348206,1.426583365365534,1.426583365365534,4902.161254568362,6287.962901908412,2200336.720779877,55906.282198931585,0.39478050787487007,12.175041326423017,4255.388416150052,42.6583365365534,-29.903976309241674,-33.93268583990823,7.642827802027119,33.68252763073525,18.913832414296184,75.9342447474423,8.142149128757358
COL,COL,12352,2006,43613.5630820288,354.3975052706,0,0,0,5.870419179401973,0,52002.729603667365,63387.818363079845,1771970.008304786,16.223166936338536,-1.4584224669272172,0.00960768748275261,8295.653956038534,0.15379218512075746,24823.66591527937,27179.063688387036,0.00960768748275261,-4.645191721507753,14.586620916832674,-2.297766969112903,42618.0459496271,0.3560057014410352,2087.374272590479,49915.35533107705,1,1.2189325223153205,1.3135818858457398,1.3135818858457398,3601.7588192764606,42598.920456795844,0.3559259100280429,1.0000249979427671,1.000089254682139,1.0000700745032638,1.0000700745032638,14.586620916832674,-2.297766969112903,2085.9219665217274,1771738.393484195,2085.92196652174,2085.9219665217274,51967.14539276544,63344.443611130555,1771738.393484195,1.0000700745032638,1.0000700745032638,42598.920456795844,0.3559259100280429,1.000089254682139,1.0000249979427671,14.586254553739442,-2.298096605557767,1.3135532678290023,1.3135532678290023,68308.35540692526,83263.27595137477,2200336.720779877,55973.75621988587,0.376592670068709,2592.3275574334884,61990.297026728724,31.355326782900228,-23.87227543441971,-27.25367989812385,83.6536972110805,128.08106172257766,13.865513797098139,52.50027320471189,10.859051488564106
CRI,CRI,12353,2006,9739.43553674967,60.1939952123642,0,0,0,4.097572600036762,0,17029.69468853852,17938.211333388117,1771970.008304786,15.073900366688095,-2.815453723118308,0.03907159066603692,8573.36826058305,0.1690669762127938,8234.492273944546,8795.202414593803,0.03907159066603692,-3.2423596575103146,13.452790976298692,-3.568553534301164,43370.0918220038,0.3590259810734284,766.5330262648832,16263.161662273673,1,1.0533489684616046,1.3102066834554622,1.3102066834554622,1315.8624449177998,43349.756715811774,0.358938291514636,1.0000274586527405,1.0000917155502385,1.000076531942991,1.000076531942991,13.452790976298692,-3.568553534301164,765.940355137127,1771738.393484195,765.940355137122,765.940355137127,17017.040030193963,17924.881562074643,1771738.393484195,1.000076531942991,1.000076531942991,43349.756715811774,0.358938291514636,1.0000917155502385,1.0000274586527405,13.452385871406996,-3.5689219125439857,1.3101781389717109,1.3101781389717109,22311.933694285824,23502.252341259697,2200336.720779877,56815.11889546497,0.37881175446114645,951.9637727465642,20197.35641169279,31.017813897171088,-23.676164026071167,-27.03499893229552,84.90946422436339,129.6406092732953,12.580988815614436,49.873365212088984,9.742713845635695
CYP,CYP,12354,2006,9780.07108410644,55.1359973634675,0,0,0,4.009802812526806,0,12030.275442399554,17917.53919356141,1771970.008304786,14.615201955548594,-2.9900885697547075,0.04188160852286279,9581.431005879578,0.20109485645099417,4685.392175763802,7344.883266635747,0.04188160852286279,-3.172908485817108,12.878948830776048,-3.856262790981675,54384.54857174136,0.4781626471447618,347.15714816216934,11683.118294237456,1,1.4893706531782938,1.3355931773827134,1.3355931773827134,619.2620923358247,54368.40084922637,0.4781281009402384,1.0000073413318495,1.000071596936787,1.0000254890905513,1.0000254890905513,12.878948830776048,-3.856262790981675,347.1012603095629,1771738.393484195,347.1012603095642,347.1012603095629,12027.086566159356,17912.789774872643,1771738.393484195,1.0000254890905513,1.0000254890905513,54368.40084922637,0.4781281009402384,1.000071596936787,1.0000073413318495,12.878849967377521,-3.8563249277296223,1.3355640798225867,1.3355640798225867,16067.203751240622,23930.02174573398,2200336.720779877,72624.55554771809,0.5142894288217312,431.13736417952526,14509.362268473731,33.556407982258676,-25.126901145179282,-28.65046481758049,59.064723973330025,97.54381032007342,14.486983321731085,56.18254760529202,9.395181704999173
0-DEU,0-DEU,12355,2006,1126254.94844333,301.082593957305,0,0,0,5.707384625637737,0,2007800.2130255208,1771970.008304786,1771970.008304786,18.593568362324042,0,0.010930650644471853,29929.03569594933,1,1299361.9731528906,708438.239872623,0.010930650644471853,-4.516184450251445,17.29432678233783,0,109735.25396349085,1,354386.1199737174,1653414.0930517968,1,0.8825429924796321,1.241773082267983,1.241773082267983,546463.5344464729,109710.59799990048,1,1,1.0000642551331036,1.0000151327551503,1.0000151327551503,17.29432678233783,0,354373.104798374,1771738.393484195,354373.10479837214,354373.104798374,2007537.7727562482,1771738.393484195,1771738.393484195,1.0000151327551503,1.0000151327551503,109710.59799990048,1,1.0000642551331036,1,17.294290055689654,0,1.2417460286954307,1.2417460286954307,2493177.9409382804,2200336.720779877,2200336.720779877,136245.5047912993,1,440115.08469906,2053388.783003352,24.174602869543072,-19.469988979500762,-22.322526706902135,133.38860044441984,189.8472537807319,-0,24.174602869543072,14.512550259338532
DNK,DNK,12358,2006,52037.1459056887,115.44694371261,0,0,0,4.748811062627312,0,112651.49510098355,119404.33100208711,1771970.008304786,16.354080695724342,-1.8327012075378015,0.023337896526796766,15765.448281424851,0.421207149477543,47273.38394936731,65378.111151616526,0.023337896526796766,-3.7576767792871673,14.607415076147936,-2.5146740411333512,90421.88668128685,0.8330532683985098,4167.469331907377,108484.02576907552,1,1.0599444853798892,1.3379129992315093,1.3379129992315093,7459.8167527349,90399.65152596883,0.8330355881358059,1.0000022017480092,1.000066457022624,1.0000160950435972,1.0000160950435972,14.607415076147936,-2.5146740411333512,4167.268156648535,1771738.393484195,4167.268156648515,4167.268156648535,112633.72953554675,119385.50048897273,1771738.393484195,1.0000160950435972,1.0000160950435972,90399.65152596883,0.8330355881358059,1.000066457022624,1.0000022017480092,14.607372575859227,-2.5146798147726845,1.3378838511311757,1.3378838511311757,150714.61610138864,159749.12620281393,2200336.720779877,120958.1694281393,0.8975494901266782,5175.614999055776,134727.218417563,33.78838511311757,-25.256724422709475,-28.794776640201526,65.93325175377626,106.07389238444185,11.846501021922984,51.76752671653968,11.632054217862716
ECU,ECU,12360,2006,11085.7195357164,178.449019521302,0,0,0,5.184302955504163,0,13402.517249408904,20105.80168332455,1771970.008304786,15.073105497248369,-2.349946740552468,0.016534994769272244,6752.6804594825035,0.1189690325087168,5546.278868925216,7856.23838048358,0.016534994769272244,-4.102276248891204,13.346127502042458,-3.331731223092021,37974.60042503817,0.3175539454298658,369.4886527076663,13033.028596701304,1,1.50015115139742,1.3335301390777532,1.3335301390777532,657.0626435408952,37957.59854998521,0.31748310509799327,1.0000248954172528,1.000089152150028,1.0000687875984697,1.0000687875984697,13.346127502042458,-3.331731223092021,369.237279886939,1771738.393484195,369.23727988693827,369.237279886939,13393.463683836791,20092.21996650729,1771738.393484195,1.0000687875984697,1.0000687875984697,37957.59854998521,0.31748310509799327,1.000089152150028,1.0000248954172528,13.345768859841922,-3.3320531386446053,1.3335010864634844,1.3335010864634844,17872.271313432364,26811.10838893264,2200336.720779877,50632.551861032196,0.34101863139145655,458.87104634300175,16185.827156966187,33.350108646348446,-25.01106868933739,-28.521670009623335,65.89400633613505,106.02515317222196,16.097293481992082,58.934215808315656,9.503197822730069
EGY,EGY,12362,2006,25694.8895389649,155.737296425074,0,0,0,5.048170590457093,0,32729.20218948262,41117.34403340283,1771970.008304786,15.661946790697439,-2.1829748671102327,0.018415614606718592,9151.551307080643,0.20588401347524643,13153.137065592307,19576.06512389036,0.018415614606718592,-3.9945563543111486,13.92798168554284,-2.9836702718489962,51825.821614515764,0.4585220460729948,1042.8942497317416,31686.307939750808,1,1.2562892243861568,1.33508396391451,1.33508396391451,1858.9060114217793,51810.232304677484,0.4584871373251302,1.000007813163613,1.0000720687987446,1.0000270171542716,1.0000270171542716,13.92798168554284,-2.9836702718489962,1042.7072375673122,1771738.393484195,1042.7072375673083,1042.7072375673122,32720.099504653128,41105.90842853855,1771738.393484195,1.0000270171542716,1.0000270171542716,51810.232304677484,0.4584871373251302,1.0000720687987446,1.000007813163613,13.927873654002683,-2.983741576741106,1.3350548774482327,1.3350548774482327,43695.28101805815,54893.910699511434,2200336.720779877,69181.27203378621,0.4929768888976577,1295.1790862658202,39351.49069534155,33.50548774482327,-25.098343847381166,-28.618714867843664,61.862497591925546,101.01838876351886,13.543162722565983,54.418657851678496,10.396022991685845
ESP,ESP,12363,2006,442382.392473643,462.521730133438,0,0,0,6.136693539921061,0,610390.1393037679,686476.7298770647,1771970.008304786,17.81385582421982,-0.06987329400549794,0.007782393006925431,19842.87470578368,0.41544643755992244,395573.19815152214,214816.9411522468,0.007782393006925431,-4.855891403648516,16.53757522327444,-0.472258229309703,71102.71962285072,0.6212531392293545,73822.99816659636,536567.1411371714,1,1.1246523914362112,1.237030109046062,1.237030109046062,112967.1624073964,71082.86160020524,0.6212192108698132,1.0000059554386496,1.0000702109544044,1.0000289105163758,1.0000289105163758,16.53757522327444,-0.472258229309703,73808.08328324358,1771738.393484195,73808.08328324312,73808.08328324358,610226.5779402627,686292.7801984521,1771738.393484195,1.0000289105163758,1.0000289105163758,71082.86160020524,0.6212192108698132,1.0000702109544044,1.0000059554386496,16.537455831879324,-0.4723408940569221,1.237003158805086,1.237003158805086,755054.5304222375,849173.8833041148,2200336.720779877,87942.79223719864,0.6188802523907885,91681.39850748032,666367.2177280324,23.700315880508604,-19.161223911425097,-21.974949830855785,149.7787829298301,210.20235841444142,6.426817088433545,32.196332358828194,13.321853604339212
FIN,FIN,12364,2006,85498.9803168541,199.893932873845,0,0,0,5.297786890239581,0,142758.83858434908,133358.37183885448,1771970.008304786,16.83302710206116,-1.5289463777753947,0.015114893233438148,12375.666254513664,0.3471977424735731,66970.40001230873,75788.4385720399,0.015114893233438148,-4.192074714392061,15.19963120286939,-2.031199709207632,63378.71280856421,0.5737236372121871,7913.748001076907,134845.0905832727,1,0.9341514204044162,1.3128924100254213,1.3128924100254213,13640.820437976083,63360.140642908365,0.5736844150405497,1.0000070410842328,1.000071296669826,1.0000256211203757,1.0000256211203757,15.19963120286939,-2.031199709207632,7912.46145318331,1771738.393484195,7912.461453183291,7912.46145318331,142721.4386181001,133323.43460725993,1771738.393484195,1.0000256211203757,1.0000256211203757,63360.140642908365,0.5736844150405497,1.000071296669826,1.0000070410842328,15.19953154731216,-2.0312626381151335,1.3128638070297731,1.3128638070297731,187422.9123109974,175081.3797516506,2200336.720779877,83196.74208557403,0.6065821682753348,9828.149793336417,167465.24516172052,31.28638070297731,-23.832296358493142,-27.20910742575695,77.92303565549395,120.96410523425445,8.879825609388437,44.08047568059112,11.868912042129347
FRA,FRA,12366,2006,685143.916327787,408.960308735013,0,0,0,6.013618106675994,0,1081810.3787916163,1105285.1056795758,1771970.008304786,18.149148278811012,-0.03419859318920571,0.008578439132324337,25149.685694989872,0.6454613041193442,631874.6938716911,449935.6849199288,0.008578439132324337,-4.758503301341109,16.693374408277673,-0.44477645112903835,107836.83198986377,0.9731547554047328,97742.78416192903,984067.594629686,1,1.021699483891235,1.2745956338959805,1.2745956338959805,158792.34361983842,107811.67061719057,0.9731463432245386,1.0000010187648178,1.0000652739634026,1.000017583624548,1.000017583624548,16.693374408277673,-0.44477645112903835,97736.32000024125,1771738.393484195,97736.32000024106,97736.32000024125,1081643.7191129953,1105114.8295719433,1771738.393484195,1.000017583624548,1.000017583624548,107811.67061719057,0.9731463432245386,1.0000652739634026,1.0000010187648178,16.693322976653658,-0.44479115610532893,1.274567865243278,1.274567865243278,1378840.7450944523,1408760.8776312077,2200336.720779877,137427.3952126622,0.9988771862235462,121387.58067990826,1222121.7715642056,27.456786524327793,-21.543745058708563,-24.651165129122642,118.71294667477024,171.6214366908231,7.019255454665219,37.078689945511734,13.894146472375676
GBR,GBR,12367,2006,595160.981996844,217.443900110519,0,0,0,5.38194088673259,0,925638.166450444,1025627.1834185439,1771970.008304786,17.80400905949736,-0.09694521127471514,0.014141171747545403,30388.882505860103,0.6377286473761669,692732.4259367373,232905.74051370836,0.014141171747545403,-4.25866475436957,16.738983888557843,-0.30441785693749734,88155.47398318419,0.7847659503785807,194055.84884318814,731582.317607257,1,1.108021709337601,1.1942330678866708,1.1942330678866708,276761.0195722126,88131.97778661684,0.7847331041168651,1.000004987555337,1.0000692430089642,1.0000313301881258,1.0000313301881258,16.738983888557843,-0.30441785693749734,194011.00940058575,1771738.393484195,194011.00940058648,194011.00940058575,925388.5027884003,1025350.5506609667,1771738.393484195,1.0000313301881258,1.0000313301881258,88131.97778661684,0.7847331041168651,1.0000692430089642,1.000004987555337,16.7388499795695,-0.3045150392771021,1.1942070500325168,1.1942070500325168,1105403.6241542925,1224811.2131434183,2200336.720779877,105262.12788140381,0.7547219873553019,240999.58078578764,908558.1955126573,19.420705003251683,-16.2642513517389,-18.703141427053215,214.11089996907896,290.0969523158582,2.7682384436499174,22.820674121019735,13.73823868829244
GRC,GRC,12368,2006,76496.6047623129,133.403075217521,0,0,0,4.893375185820921,0,90177.22292763334,122246.47770059248,1771970.008304786,16.150013394220924,-1.445561027677333,0.020815265938075745,15477.168967435244,0.2928054562503654,50634.26218411362,39542.9607435197,0.020815265938075745,-3.87206862214606,14.716507013550942,-2.101817081747146,64901.60468244433,0.5644007059178382,6264.29486586708,83912.92806176562,1,1.3556247767653538,1.2698740598891443,1.2698740598891443,10101.677416500246,64883.52323273423,0.5643702711142533,1.000005347386831,1.0000696028635576,1.0000240359825827,1.0000240359825827,14.716507013550942,-2.101817081747146,6263.395607669944,1771738.393484195,6263.3956076699415,6263.395607669944,90155.75764310079,122217.37882903985,1771738.393484195,1.0000240359825827,1.0000240359825827,64883.52323273423,0.5643702711142533,1.0000696028635576,1.000005347386831,14.716416868584336,-2.1018705000655027,1.2698463941018097,1.2698463941018097,114511.22136477023,155234.24889974465,2200336.720779877,82404.29617492232,0.577172936072318,7779.680156986534,104212.16678573382,26.984639410180968,-21.25203344280482,-24.324213214586653,112.20699331553531,163.54163883090646,10.69436398331096,42.191069986277974,11.409532156730817
HUN,HUN,12371,2006,51672.989311079,128.720306751025,0,0,0,4.857641885768803,0,105145.94254568369,106297.94446834082,1771970.008304786,16.373399916532364,-1.8206462455433876,0.021412224240693497,14433.499835815184,0.3704802981429945,44755.08628068109,60390.85626500191,0.021412224240693497,-3.843793293841283,14.706805582277726,-2.4332959204353295,76412.49397428695,0.6836526327801217,4581.200533606992,100564.74201207802,1,1.010956218516531,1.320176873075265,1.320176873075265,7984.423121386201,76392.77292420814,0.6836297930836422,1.0000031880710967,1.0000674434090442,1.0000165701194144,1.0000165701194144,14.706805582277726,-2.4332959204353295,4580.953271148539,1771738.393484195,4580.9532711485235,4580.953271148539,105127.77995998612,106279.58288938552,1771738.393484195,1.0000165701194144,1.0000165701194144,76392.77292420814,0.6836297930836422,1.0000674434090442,1.0000031880710967,14.706760231580668,-2.4333045444834647,1.3201481113785203,1.3201481113785203,138808.21747079873,140329.03063329897,2200336.720779877,100862.62409346229,0.7268174901689154,5689.431236814113,124892.19372267555,32.01481113785203,-24.252574000136374,-27.677477576995592,66.52312656536704,106.8064628437035,10.623510763147104,47.706418393773674,11.563104593088987
IDN,IDN,12372,2006,166767.739098514,716.372293546248,0,0,0,6.574199994880117,0,228454.46935088956,221552.6905611559,1771970.008304786,17.7098642430139,-0.7554282495993127,0.005505074521336854,8240.616616947793,0.2661331545981839,127051.90993092803,101402.55941996092,0.005505074521336854,-5.202084971871534,16.108010704859996,-1.1406155123217223,40891.76554780452,0.3911863431688909,17418.88463764204,211035.58471324728,1,0.9697892590618001,1.3060085658706209,1.3060085658706209,29710.666450153894,40877.747631040846,0.3911401260595315,1.0000120554467729,1.0000763113544866,1.0000357164626104,1.0000357164626104,16.108010704859996,-1.1406155123217223,17413.94316809373,1771738.393484195,17413.943168093847,17413.94316809373,228369.41536867022,221470.20612275918,1771738.393484195,1.0000357164626104,1.0000357164626104,40877.747631040846,0.3911401260595315,1.0000763113544866,1.0000120554467729,16.107850479106972,-1.1407390114278462,1.3059801128480877,1.3059801128480877,298356.99366352474,289343.40782085585,2200336.720779877,53396.85215101225,0.41142195971672835,21632.658435458914,262086.85669595317,30.59801128480877,-23.430823799124724,-26.761291763741358,108.11662537948257,158.46177669985107,7.0030756462983295,40.43261343579092,12.33909221060346
IND,IND,12373,2006,464780.273748617,868.567365413904,0,0,0,6.766845147916545,0,548516.9475714829,555039.9922068275,1771970.008304786,18.249813423597953,-0.13100578897081627,0.00472672477768242,11530.63306119917,0.3570779236346139,349509.10167181597,199007.8458996652,0.00472672477768242,-5.3545227523307775,16.77398744141414,-0.43421975275420704,50442.45696342775,0.4835564182347129,58997.18066040049,489519.76691107923,1,1.0118921478437903,1.278862482194469,1.278862482194469,96489.25465390882,50425.509603277984,0.48350259200340306,1.000011418528302,1.0000756743951735,1.0000364546427818,1.0000364546427818,16.77398744141414,-0.43421975275420704,58979.92163101112,1771738.393484195,58979.92163101163,58979.92163101112,548314.0522909756,554834.6840656477,1771738.393484195,1.0000364546427818,1.0000364546427818,50425.509603277984,0.48350259200340306,1.0000756743951735,1.000011418528302,16.773822786739906,-0.43434768077911307,1.2788346205831642,1.2788346205831642,701462.4625310127,709804.3578423007,2200336.720779877,64499.12850629927,0.4979993286496899,73269.09181794022,607938.6904089587,27.88346205831642,-21.80550966793191,-24.94437987529978,145.98013445051956,205.484785115189,5.3931954595337945,35.17364071166445,13.214973456253785
IRL,IRL,12374,2006,56095.7690196167,102.928675001681,0,0,0,4.634036272645751,0,172373.87003338855,123310.19976728718,1771970.008304786,16.837792617636257,-1.9753000978945816,0.02555667163597115,14871.931550637193,0.501654332138473,72811.97002614653,99561.90000724088,0.02555667163597115,-3.6668568756368716,15.103981152233072,-2.3742135608121284,84207.76292401289,0.7475676209859304,8629.231374858506,163744.63865852918,1,0.7153648040935797,1.335049777357491,1.335049777357491,15380.378781133084,84184.202540473,0.7475264186283318,1.0000065315469389,1.000070787099709,1.0000290792025408,1.0000290792025408,15.103981152233072,-2.3742135608121284,8627.4704982587,1771738.393484195,8627.4704982587191,8627.4704982587,172327.4193851695,123276.97060842393,1771738.393484195,1.0000290792025408,1.0000290792025408,84184.202540473,0.7475264186283318,1.000070787099709,1.0000065315469389,15.103860748750309,-2.37429723764771,1.3350206916360103,1.3350206916360103,230122.68319195014,164621.66817909834,2200336.720779877,112404.41155921893,0.8037217106801093,10716.714575941367,203355.8354868987,33.502069163601035,-25.096425844185845,-28.616582363203424,64.46516051483596,104.25065760306818,7.5550600849018545,44.412521968438654,12.057421059792832
IRN,IRN,12375,2006,73083.992815123,494.146341156888,0,0,0,6.202831710478051,0,77967.26786533269,98339.4926617754,1771970.008304786,16.600157254416803,-1.2584402563711914,0.00738558066563925,8531.236637759104,0.19534632962576354,33978.77213585682,43988.49572947564,0.00738558066563925,-4.908225738379668,14.890208486880022,-2.0302857307788518,47166.462210722755,0.42268173952229876,2840.3910567691646,75126.87680856403,1,1.2612920184869143,1.3297506736725844,1.3297506736725844,5022.48414672814,47151.494771997954,0.4226425708060977,1.000009612293252,1.0000738680439736,1.0000310467293179,1.0000310467293179,14.890208486880022,-2.0302857307788518,2839.744401953142,1771738.393484195,2839.744401953116,2839.744401953142,77942.4102510941,98308.13995133764,1771738.393484195,1.0000310467293179,1.0000310467293179,47151.494771997954,0.4226425708060977,1.0000738680439736,1.000009612293252,14.890076278591485,-2.0303812124190195,1.3297217033986746,1.3297217033986746,103674.76823523092,130764.15769357744,2200336.720779877,62710.07054728602,0.45262804928282374,3527.5053961513113,93300.69629202521,32.97217033986746,-24.79793243960985,-28.28459590832858,70.78755607053712,112.10249349242156,13.06847492944373,52.96196659605727,11.264044374844923
ISL,ISL,12377,2006,7414.5700145023,76.5960660415292,0,0,0,4.338545718267528,0,9166.811241553674,12162.553127050156,1771970.008304786,14.560112903158936,-3.235262780718803,0.03228867360841664,7714.325610252532,0.1744315968425085,2675.2854125319536,6491.525829021626,0.03228867360841664,-3.4330387725280422,12.640696950793986,-4.210640571785432,52588.37152110128,0.46262207158410307,147.97119204610087,9018.840049507628,1,1.3268030514162454,1.376993719491124,1.376993719491124,280.56990902212146,52570.08411053105,0.4625651283383737,1.000013738598602,1.0000779946145177,1.0000419358166768,1.0000419358166768,12.640696950793986,-4.210640571785432,147.91817544667805,1771738.393484195,147.91817544667757,147.91817544667805,9163.011210113295,12157.511233739582,1771738.393484195,1.0000419358166768,1.0000419358166768,52570.08411053105,0.4625651283383737,1.0000779946145177,1.000013738598602,12.640499410365347,-4.210801385564917,1.3769637199686453,1.3769637199686453,12622.366507420144,16747.394398139262,2200336.720779877,72402.81464234277,0.5129984666005251,183.76666028912305,11200.57284571616,37.69637199686453,-27.378027521464965,-31.146859689477992,38.93251428172946,72.54145081949494,16.455438938862898,64.81787712799118,9.123344766668035
ISR,ISR,12378,2006,75171.0803244929,52.985778545028,0,0,0,3.970023548206269,0,113628.2049255938,109667.08446694363,1771970.008304786,16.309813787868674,-1.9634423504478606,0.04322087707234745,16621.889230267676,0.4408918889251314,73492.58549674577,40135.619428847465,0.04322087707234745,-3.1414316349036686,15.024132750451605,-2.1502885394087343,60123.54283153685,0.5314695388762688,16855.167682313488,96773.03724327964,1,0.9651396371064386,1.2389697319167072,1.2389697319167072,25873.45767285406,60106.291599700664,0.5314364507398455,1.0000060668196162,1.0000703223425045,1.0000266200193937,1.0000266200193937,15.024132750451605,-2.1502885394087343,16852.225516626462,1771738.393484195,16852.22551662657,16852.225516626462,113598.44950424123,109638.36633037747,1771738.393484195,1.0000266200193937,1.0000266200193937,60106.291599700664,0.5314364507398455,1.0000703223425045,1.0000060668196162,15.024027101656813,-2.150357461556118,1.2389427394186323,1.2389427394186323,140778.8394857369,135871.2380535297,2200336.720779877,74479.8902940337,0.530269726012086,20932.57363654204,120183.24387555041,23.894273941863233,-19.287778043376168,-22.117438640952503,141.11509581866338,199.44285297156458,3.029594284798387,27.76503617581636,11.640687037247835
ITA,ITA,12379,2006,799728.016481839,407.518888688207,0,0,0,6.010087284215765,0,1126884.096431932,1094964.0092274097,1771970.008304786,18.27443784623683,-0.009920478229659344,0.008602439921000071,23112.562586572752,0.6240967003988029,735869.4202192081,391014.67621271353,0.008602439921000071,-4.755709404217047,16.99925261717807,-0.18081341218894434,82728.28258243651,0.7404056849691045,173291.3915481644,953592.7048837518,1,0.971674028140435,1.2368042949918279,1.2368042949918279,265081.2187318269,82707.54141235529,0.740386408998182,1.0000026632914323,1.000066918595658,1.000020894905632,1.000020894905632,16.99925261717807,-0.18081341218894434,173273.04595040513,1771738.393484195,173273.04595040402,173273.04595040513,1126668.5149995326,1094754.534348598,1771738.393484195,1.000020894905632,1.000020894905632,82707.54141235529,0.740386408998182,1.000066918595658,1.0000026632914323,16.999181318249782,-0.1808479844683838,1.236777349670492,1.236777349670492,1393704.726170912,1354226.6853168518,2200336.720779877,102303.09225397035,0.737443051619098,215212.02770157764,1184274.751249976,23.67773496704919,-19.146464477097602,-21.958329585263712,143.87644835228474,202.87219976513765,2.7430677924031643,27.165984120346963,13.934966945170638
JOR,JOR,12380,2006,24843.7855527406,52.4776466936484,0,0,0,3.9603873016648614,0,26805.46944573087,31261.344528893154,1771970.008304786,15.244956799906827,-2.6970777680028193,0.043551697880496294,11373.108158305757,0.2617443270955658,12259.696359030839,14545.773086699848,0.043551697880496294,-3.1338065895206038,13.592306317768195,-3.396908638795578,59376.713292451415,0.5269992088575737,1166.2993769102331,25639.17006882053,1,1.1662300707765423,1.3171123768471709,1.3171123768471709,2023.2786800196923,59359.60351556029,0.5269657524605565,1.000006235822461,1.0000704913562888,1.000024054817993,1.000024054817993,13.592306317768195,-3.396908638795578,1166.1316875907974,1771738.393484195,1166.1316875908042,1166.1316875907974,26798.829562826286,31253.60089778339,1771738.393484195,1.000024054817993,1.000024054817993,59359.60351556029,0.5269657524605565,1.0000704913562888,1.000006235822461,13.592216059791843,-3.3969621701232504,1.3170836819142917,1.3170836819142917,35305.04639302426,41173.806753705794,2200336.720779877,78193.87807786022,0.558972642012208,1448.436945248807,31841.49962557631,31.70836819142917,-24.076334139859547,-27.481123122770423,76.26543406114385,118.9055159583857,11.878654252824006,49.46250204724092,10.196361229472611
JPN,JPN,12381,2006,2101316.63134643,391.785963608384,0,0,0,5.970715679468961,0,2664872.492429499,2409677.1835799515,1771970.008304786,19.22101817470535,0.09359445122172717,0.008874661107718083,21210.48850584451,1.2383828953742455,2169608.938343627,495263.55408582167,0.008874661107718083,-4.724555129395575,18.00221018865695,0.6111783610764991,71758.31857336832,0.738025060256079,1076077.9059023769,1588794.5865270852,1,0.9042373285871955,1.2252374529331307,1.2252374529331307,1615415.486963051,71733.71558549498,0.7379378259144792,1.0000124709052804,1.000076726839741,1.0000440841008542,1.0000440841008542,18.00221018865695,0.6111783610764991,1075664.6287784325,1771738.393484195,1075664.628778437,1075664.6287784325,2663746.479296889,2408659.0004729666,1771738.393484195,1.0000440841008542,1.0000440841008542,71733.71558549498,0.7379378259144792,1.000076726839741,1.0000124709052804,18.00199975907761,0.6110046581470803,1.2252107596098494,1.2252107596098494,3265030.4507129393,2952362.4125085147,2200336.720779877,87907.5720759435,0.7281974121853559,1336390.1462453876,1973137.27769766,22.521075960984938,-18.38316747451102,-21.098111587382196,220.79780016515636,298.4014695649794,-9.253234228767715,12.144118044538077,14.795666769195247
KEN,KEN,12382,2006,7162.6242552228,253.053555403096,0,0,0,5.5336011477613285,0,7989.71253508216,12288.941823455607,1771970.008304786,14.863457530703156,-2.8038251609979468,0.012542007293907212,4964.436194258067,0.11448376854937772,2166.700287498599,5823.012247583592,0.012542007293907212,-4.378671685302937,12.920776241313485,-3.7971229157928015,34639.028039620345,0.3091203886636526,115.00569400422629,7874.706848832339,1,1.5380956160182098,1.3823434552327216,1.3823434552327216,219.76132476722123,34627.274649620376,0.3090849478611053,1.0000121645242197,1.0000764204389578,1.0000351225889652,1.0000351225889652,12.920776241313485,-3.7971229157928015,114.97388798625742,1771738.393484195,114.97388798625643,114.97388798625742,7986.794330754064,12284.453346171917,1771738.393484195,1.0000351225889652,1.0000351225889652,34627.274649620376,0.3090849478611053,1.0000764204389578,1.0000121645242197,12.920619578676128,-3.797242851781257,1.3823133391595899,1.3823133391595899,11044.286213294652,16987.16820671886,2200336.720779877,47875.73184293474,0.34411322990489723,142.82653271323974,9779.664260019978,38.231333915958984,-27.659078052230722,-31.457635119723715,35.23424842700873,67.94854354081599,16.758398996195556,66.0603979849466,8.985910060025754
KOR,KOR,12383,2006,769534.799215206,154.978535584432,0,0,0,5.043286627229554,0,1055449.8601617676,950557.485448069,1771970.008304786,18.338008225272564,-0.7502059826738432,0.018486921677291886,20314.128357231093,1.1358796993757352,803803.8167277151,251646.0434340507,0.018486921677291886,-3.9906917332577976,16.960490075670478,-0.4456618324492097,80546.50921062157,0.8376652393982177,274892.80755829794,780557.0526034707,1,0.90061832525363,1.258079508098296,1.258079508098296,435090.4530486159,80519.70351945022,0.8375746575633811,1.0000109679230031,1.0000752237608108,1.0000371032011397,1.0000371032011397,16.960490075670478,-0.4456618324492097,274810.2517475365,1771738.393484195,274810.25174753706,274810.2517475365,1055058.6984527917,950205.1980448278,1771738.393484195,1.0000371032011397,1.0000371032011397,80519.70351945022,0.8375746575633811,1.0000752237608108,1.0000109679230031,16.960321529789212,-0.4457936516832003,1.258052099269956,1.258052099269956,1327810.9122506932,1195850.8400447138,2200336.720779877,101318.45989862729,0.8486650962093598,341391.67552796827,969380.3282828999,25.805209926995598,-20.513767725889377,-23.495860365384182,210.18053848640488,285.2158035367431,-4.978250982547228,19.83930838008614,13.869477641742634
KWT,KWT,12384,2006,14227.4155371578,16.0918689026572,0,0,0,2.7783141073141877,0,21103.97076692056,26338.886648823893,1771970.008304786,14.711054422994096,-2.9269856871683464,0.11097544010627602,15271.81957816294,0.27753309502552964,14554.017820851577,6549.952946068956,0.11097544010627602,-2.198446362455295,13.51241219577391,-3.391621417104205,50635.42852037313,0.44167570662128985,2758.229910563379,18345.740856357283,1,1.2480535980512637,1.22112639152857,1.22112639152857,4112.933604612916,50619.584260213116,0.4416367320459371,1.00000916904375,1.0000734247660348,1.0000358728378227,1.0000358728378227,13.51241219577391,-3.391621417104205,2757.4422690140022,1771738.393484195,2757.442269013994,2757.4422690140022,21096.72485215334,26329.84335882749,1771738.393484195,1.0000358728378227,1.0000358728378227,50619.584260213116,0.4416367320459371,1.0000734247660348,1.00000916904375,13.512251031803196,-3.3917458544270733,1.2210997877698795,1.2210997877698795,25770.054224588435,32162.408896973768,2200336.720779877,61822.82907982281,0.4343320607878125,3425.468781895617,22783.728921046662,22.109978776987948,-18.108395090189667,-20.78812047370543,180.089658771789,247.84568849033684,7.1926978060589,31.573675659499866,9.95721648976473
LKA,LKA,12385,2006,32111.5524134097,138.890203232944,0,0,0,4.933683716192547,0,36579.572107411586,39074.17707012565,1771970.008304786,15.957937854058112,-2.24651527871391,0.02016182579025873,7607.651948160264,0.20848876769690647,18168.748839930427,18410.823267481264,0.02016182579025873,-3.903964274886738,14.289115094749057,-2.834580242984578,40365.57571072214,0.3753842365149097,1901.827560652445,34677.744546759,1,1.0681966687688131,1.320667283343209,1.320667283343209,3317.0955012335876,40351.96258248579,0.3753419737360684,1.0000115507327074,1.0000758066080402,1.000034540738446,1.000034540738446,14.289115094749057,-2.834580242984578,1901.3148653695323,1771738.393484195,1901.3148653695337,1901.3148653695323,36566.41476744932,39060.1224434081,1771738.393484195,1.000034540738446,1.000034540738446,40351.96258248579,0.3753419737360684,1.0000758066080402,1.0000115507327074,14.288961923093218,-2.834696687992324,1.320638510962266,1.320638510962266,48308.39163956888,51602.86302296665,2200336.720779877,53301.36584975517,0.3992337142165742,2361.895544897851,43066.58082292026,32.0638510962266,-24.28070168676052,-27.70880848988575,88.35520847136549,133.9199078565273,10.262098617895088,47.16619072012544,10.507245224430065
MAC,MAC,12386,2006,2198.48081991535,1.88063192367554,0,0,0,0.6316078499776037,0,4018.394130627355,5421.23740868592,1771970.008304786,12.808378309283444,-4.623320150905179,0.6066618935674584,19493.996145995792,0.3115476567761192,2176.0672286588842,1842.3269019684876,0.6066618935674584,-0.4997836553563043,11.371936886163846,-5.381670098935168,81985.95493656369,0.6650766291429748,242.37427731385648,3776.019853313514,1,1.3491054467172316,1.2704954008938463,1.2704954008938463,391.23051534492174,81944.75548981638,0.6648918077419128,1.0000328000701517,1.0000970573109027,1.0000965739592342,1.0000965739592342,11.371936886163846,-5.381670098935168,242.1286424666219,1771738.393484195,242.128642466621,242.1286424666219,4014.7901538298693,5416.375263958589,1771738.393484195,1.0000965739592342,1.0000965739592342,81944.75548981638,0.6648918077419128,1.0000970573109027,1.0000328000701517,11.37141153958196,-5.382158718867214,1.2704677215698243,1.2704677215698243,5105.240035507691,6887.507138702299,2200336.720779877,104146.89451231036,0.6804599090075781,301.00664099590773,4689.470619474775,27.046772156982435,-21.290545459947484,-24.36738926880174,104.95927456082393,154.5406363259514,12.208259783801878,44.713810028271304,8.298637631810479
MAR,MAR,12387,2006,23109.0647541643,242.083565971905,0,0,0,5.489282980483043,0,31643.44343171364,38966.78742188687,1771970.008304786,15.706807824325148,-2.157258881846482,0.0129896387913631,8459.80081417431,0.19016205579897527,9956.149576437969,21687.29385527539,0.0129896387913631,-4.343603255355749,13.85435647068889,-3.0632111416096373,53934.857866683175,0.47051549599478965,631.1490668609622,31012.29436485236,1,1.2314332195222988,1.361710857046665,1.361710857046665,1170.3122333130618,53917.93161211833,0.4704735439485501,1.0000097428335681,1.0000739985927254,1.0000322457959971,1.0000322457959971,13.85435647068889,-3.0632111416096373,630.9962978761641,1771738.393484195,630.9962978761678,630.9962978761641,31633.23815082425,38954.220299985114,1771738.393484195,1.0000322457959971,1.0000322457959971,53917.93161211833,0.4704735439485501,1.0000739985927254,1.0000097428335681,13.854217068227946,-3.063313817422421,1.3616811904803714,1.3616811904803714,43088.28172299412,53060.341485830475,2200336.720779877,73432.4818280958,0.5159606601671632,783.8293018920893,38514.42760261449,36.16811904803714,-26.56297077862465,-30.24446801059052,42.9975292067557,77.58982683423146,15.325778512473642,60.814137592155525,10.362286247556373
MEX,MEX,12388,2006,184821.294605249,706.228676939344,0,0,0,6.559939090060573,0,378326.85154861835,380399.6295443816,1771970.008304786,17.654225803629704,-0.20385906118140165,0.005567548262229057,14427.48675650405,0.26321981755810603,210990.0494078769,167336.80214073963,0.005567548262229057,-5.190800490306505,16.048418176575304,-0.9897917604480597,71876.02908524286,0.5776234527564218,19299.335144357705,359027.5164042578,1,1.0054788022242636,1.3068695285287457,1.3068695285287457,32961.48820447428,71836.52344872784,0.5774357119048733,1.00003761964894,1.0001018771993095,1.0001087866262055,1.0001087866262055,16.048418176575304,-0.9897917604480597,19276.951189734962,1771738.393484195,19276.951189734966,19276.951189734962,377942.0305740008,380012.7002117523,1771738.393484195,1.0001087866262055,1.0001087866262055,71836.52344872784,0.5774357119048733,1.0001018771993095,1.00003761964894,16.047819561514817,-0.9903536488606697,1.306841056749069,1.306841056749069,494413.0624743445,497121.853860734,2200336.720779877,93918.26811013512,0.607903730681789,23968.00563838245,445879.2737234517,30.684105674906892,-23.48126739738241,-26.817579748644338,114.55382905088358,166.45619374777,13.021089671845765,50.248037348204974,12.843513787612155
MLT,MLT,12389,2006,2669.33351340373,8.44966439928636,0,0,0,2.134126724519593,0,5645.605675029563,7644.3084592817195,1771970.008304786,13.619755131502956,-4.064258441478156,0.18475795260235564,12166.969220893969,0.2511694707230769,2609.171495249933,3036.4341797795983,0.18475795260235564,-1.6887086748712827,11.994617224121729,-4.83345952132123,61797.48985854571,0.5420341318259976,238.0424520989863,5407.563222930519,1,1.354028052843363,1.311086677159386,1.311086677159386,409.1826624182357,61779.978187918096,0.5420023148715449,1.0000061108796212,1.0000703664053963,1.0000248701036871,1.0000248701036871,11.994617224121729,-4.83345952132123,238.00589813302224,1771738.393484195,238.0058981330231,238.00589813302224,5644.20662619601,7642.414107913791,1771738.393484195,1.0000248701036871,1.0000248701036871,61779.978187918096,0.5420023148715449,1.0000703664053963,1.0000061108796212,11.994522074550874,-4.833517944243665,1.3110581135038764,1.3110581135038764,7401.7171258910375,10022.132627667615,2200336.720779877,81009.51030750183,0.5722895261224191,295.62691105195415,6715.697968227692,31.105811350387636,-23.727392138053737,-27.092131697850775,78.08926203442456,121.17054316373017,12.825022866735413,50.393858033327476,8.638632764898947
MMR,MMR,12390,2006,30996.2563492109,304.198867506897,0,0,0,5.7176816569612505,0,31768.55822218461,34149.34139631135,1771970.008304786,15.90923986068411,-2.4872714002057337,0.010841950468441445,6936.793870762591,0.2318110902295815,7314.661911297679,24453.896335765898,0.010841950468441445,-4.524332366643502,13.753689207165502,-3.4203443032575054,59882.86134223224,0.5893355269786797,333.28985181969864,31435.351204129438,1,1.0749414927009244,1.4322669120312959,1.4322669120312959,683.7069716225377,59862.80728250535,0.5892705662872552,1.000011366326282,1.000075622189752,1.0000293169468337,1.0000293169468337,13.753689207165502,-3.4203443032575054,333.22089023101665,1771738.393484195,333.22089023101785,333.22089023101665,31758.201605964812,34138.208639812714,1771738.393484195,1.0000293169468337,1.0000293169468337,59862.80728250535,0.5892705662872552,1.000075622189752,1.000011366326282,13.753567377258632,-3.420429406516381,1.432235708313505,1.432235708313505,45500.0634874494,48909.90616318569,2200336.720779877,85755.16177775606,0.6797423679328319,413.9154529354671,39039.82542763301,43.223570831350514,-30.180611476825803,-34.236777450386434,28.549458018894814,59.646646455002575,16.41436523879076,71.3495043024047,10.366232344495806
MUS,MUS,12391,2006,1965.0253719118,18.9908507451445,0,0,0,2.9439573234597147,0,3507.83930101807,4634.387114940966,1771970.008304786,13.787594183390485,-3.966050368357371,0.09734267083817004,6391.752998629125,0.1380288059499574,1793.6823747666333,1714.1569262514015,0.09734267083817004,-2.3295178367143965,12.181746865529233,-4.694737056771617,31844.219790760566,0.2860449855422033,173.7281935887239,3334.11110742936,1,1.3211514887799853,1.306878173675013,1.306878173675013,296.71569110764847,31833.259516310194,0.28601079599474216,1.0000125314936321,1.000076787431938,1.0000383257468646,1.0000383257468646,12.181746865529233,-4.694737056771617,173.67347172824637,1771738.393484195,173.67347172824506,173.67347172824637,3506.473595584985,4632.5828111748115,1771738.393484195,1.0000383257468646,1.0000383257468646,31833.259516310194,0.28601079599474216,1.000076787431938,1.0000125314936321,12.181570984650254,-4.694876211002675,1.306849701706991,1.306849701706991,4584.218744171525,6056.447418755324,2200336.720779877,41610.16954379739,0.30104207735887767,215.75449580696488,4140.660454058354,30.68497017069911,-23.481773577414256,-26.818144543274634,94.5044270083574,141.55667375876396,12.187349049693841,48.82248600449919,8.162755543154903
MWI,MWI,12392,2006,1170.19868442374,208.23241437909,0,0,0,5.338654832723021,0,1501.7901109726554,1858.5745696081458,1771970.008304786,13.490515776611392,-4.492890650321225,0.014633921962163263,3683.0621492066502,0.09374783367459814,118.29861969932391,1383.491491273332,0.014633921962163263,-4.224413023173354,11.324133275061104,-5.613016995609681,32140.824503663986,0.28735974634376354,4.422491638061067,1497.3676193345977,1,1.2375727846579134,1.4348549303354727,1.4348549303354727,9.105064132342811,32129.676969943084,0.28732463797943847,1.0000130345330258,1.000077290503705,1.0000354858813858,1.0000354858813858,11.324133275061104,-5.613016995609681,4.421249278274772,1771738.393484195,4.421249278274749,4.421249278274772,1501.227018727854,1857.877701970728,1771738.393484195,1.0000354858813858,1.0000354858813858,32129.676969943084,0.28732463797943847,1.000077290503705,1.0000130345330258,11.323974432746175,-5.613139111275366,1.4348236702344812,1.4348236702344812,2154.8039989476342,2666.726785369631,2200336.720779877,46110.3878858463,0.3320409781054656,5.4923293327923925,1859.593362905838,43.48236702344812,-30.30654327081014,-34.37514170582221,8.231068190846402,34.41306828669495,19.00436908050872,77.14827996841944,7.3144130828609475
MYS,MYS,12393,2006,163176.255288588,556.235799740458,0,0,0,6.321192304598111,0,305418.0446282605,267756.9692584894,1771970.008304786,17.873638905777156,-0.8556499493270698,0.006725271076783002,9352.512793448408,0.35554000003359987,165397.32871019142,140020.71591806933,0.006725271076783002,-5.001883045491296,16.20847112430573,-1.1589126470199693,49442.621550289,0.4814972203295951,23102.022153577444,282316.022474686,1,0.8766900776422353,1.3198630267211728,1.3198630267211728,40244.60992416021,49426.06475862782,0.48144415563955845,1.0000111898101016,1.0000754456622987,1.000033539375713,1.000033539375713,16.20847112430573,-1.1589126470199693,23096.07182252478,1771738.393484195,23096.071822524817,23096.07182252478,305310.7488397068,267662.9041052916,1771738.393484195,1.000033539375713,1.000033539375713,49426.06475862782,0.48144415563955845,1.0000754456622987,1.0000111898101016,16.20832396062178,-1.1590230840538576,1.3198342718619618,1.3198342718619618,403101.2025454443,353394.824557244,2200336.720779877,65247.53676946911,0.511776577908542,28690.594421687158,350610.6281830766,31.983427186196177,-24.23456224209737,-27.657413592465186,101.62446722517706,150.39911122024995,5.8902375840977905,40.24414024436454,12.629436755247992
NER,NER,12394,2006,137.450613712355,417.263775634325,0,0,0,6.03371857729791,0,356.70959748964907,769.8239047295442,1771970.008304786,11.802119468279374,-5.575940040735589,0.008443076177913528,4733.428284030109,0.11469249937577934,4.2706706116607505,352.4389268780003,0.008443076177913528,-4.774408560723429,9.613044019916101,-6.7462757944182545,42255.10538879572,0.36966248338954377,0.1484302192490659,356.5611672703993,1,2.1581250130279512,1.4402920536530284,1.4402920536530284,0.3079097621079928,42241.006946475136,0.36962219436357674,1.0000116980612292,1.000075953918178,1.0000325151461702,1.0000325151461702,9.613044019916101,-6.7462757944182545,0.14839381216242378,1771738.393484195,0.1483938121622884,0.14839381216242378,356.5869083823908,769.5591262983439,1771738.393484195,1.0000325151461702,1.0000325151461702,42241.006946475136,0.36962219436357674,1.000075953918178,1.0000116980612292,9.612903001406448,-6.746380086819928,1.4402606750975366,1.4402606750975366,513.7548056942126,1108.747096731995,2200336.720779877,60850.41179516284,0.4287594448312451,0.1843367300094811,442.8162941179694,44.026067509753666,-30.569637077168554,-34.6640746077363,1.1696325456767687,25.643412332615,19.729946424366506,79.42689844357315,5.87692199833775
NGA,NGA,12395,2006,95636.4162834665,428.945624004912,0,0,0,6.061330160323184,0,99373.4161630537,114155.65593579916,1771970.008304786,16.803692371588962,-1.0874976868765474,0.00826060646246219,8871.064034712977,0.1911328393339663,55267.33977224769,44106.07639080579,0.00826060646246219,-4.796257272538893,15.311173675613066,-1.679849623373415,39461.023736928546,0.3456133334239516,6871.012674737091,92502.40348831676,1,1.1487544691881226,1.28242538367001,1.28242538367001,11300.169580285361,39447.61704985279,0.34557355851269406,1.0000123653740942,1.0000766213016665,1.0000403483560767,1.0000403483560767,15.311173675613066,-1.679849623373415,6868.681698048426,1771738.393484195,6868.68169804832,6868.681698048426,99333.96282049798,114110.33373221387,1771738.393484195,1.0000403483560767,1.0000403483560767,39447.61704985279,0.34557355851269406,1.0000766213016665,1.0000123653740942,15.310985659556176,-1.6800009127839928,1.282397444436461,1.282397444436461,127436.21493242097,146392.92144003676,2200336.720779877,50598.10143492674,0.3569277817716712,8533.168075359443,114879.5081171535,28.239744443646096,-22.022753702969645,-25.187600879307848,109.72711938529973,160.46186266775004,9.885953229954659,42.308273837585595,11.506639913847772
NLD,NLD,12396,2006,180236.153033321,79.862469895035,0,0,0,4.380306028968429,0,458745.99109206285,456091.72916786297,1771970.008304786,17.134114126773678,-1.1636816402045826,0.03123914880031646,29429.130539270816,0.8240932271386303,269506.9035322618,189239.08755980237,0.03123914880031646,-3.466083201490809,15.652885645168542,-1.5355068637095157,129439.4882931089,1.1952478954531316,42247.29385514642,416498.69723691395,1,0.9942140923828429,1.2800145097389812,1.2800145097389812,69219.53553401497,129411.85295366474,1.1952612682944723,0.9999991225599608,1.000063377636674,1.0000141400415479,1.0000141400415479,15.652885645168542,-1.5355068637095157,42246.24553280593,1771738.393484195,42246.24553280611,42246.24553280593,458693.8922400697,456039.9317550144,1771738.393484195,1.0000141400415479,1.0000141400415479,129411.85295366474,1.1952612682944723,1.000063377636674,0.9999991225599608,15.652854874714803,-1.5355009075160893,1.2799866230293224,1.2799866230293224,587188.7319661692,583791.3122091772,2200336.720779877,165659.1573097606,1.2320565413776774,52467.26738265831,517253.21359952644,27.998662302932242,-21.875885594147015,-25.023183355133437,120.09126264958034,173.3331788212447,6.482917167957436,36.87195796389295,13.036251939548839
NOR,NOR,12397,2006,67869.8426018079,288.924213886505,0,0,0,5.666164418035808,0,100804.17296389738,121182.89934953324,1771970.008304786,16.511282413677627,-1.442383499547827,0.011293054386086509,12055.244870747441,0.28933712827056385,39550.41696175572,61253.75600214269,0.011293054386086509,-4.483567398340883,14.762623531283868,-2.2116701231415234,69280.16920702659,0.6244549352559995,3188.755549531353,97615.4174143664,1,1.202161535444911,1.338357541773968,1.338357541773968,5711.701840886773,69260.41703979328,0.6244171973649942,1.0000063375021044,1.0000705930424674,1.0000238661942702,1.0000238661942702,14.762623531283868,-2.2116701231415234,3188.3042900517416,1771738.393484195,3188.3042900517507,3188.3042900517416,100779.62472801314,121153.38840459018,1771738.393484195,1.0000238661942702,1.0000238661942702,69260.41703979328,0.6244171973649942,1.0000705930424674,1.0000063375021044,14.762534405022738,-2.2117225227533557,1.3383283839887214,1.3383283839887214,134909.08590209234,162182.5138535287,2200336.720779877,92707.49748369631,0.6730247128335501,3960.14217168176,121229.40285145544,33.83283839887214,-25.281550797366236,-28.82236893356298,59.36233756988185,97.91341913337487,13.124858317032084,54.051936844334826,11.520935032213876
NPL,NPL,12398,2006,3697.91758220576,209.178975147831,0,0,0,5.343190225934786,0,4205.716228595746,4881.484603951256,1771970.008304786,14.07616988793191,-4.206932541029015,0.014581497842630773,5742.399782319819,0.18498782461955793,281.81068674926036,3923.905542236079,0.014581497842630773,-4.228001824987541,11.769158759303616,-5.312552221381541,57678.72177663972,0.5588659775074727,9.286899145033974,4196.4297013549385,1,1.1606785476301962,1.4688824223901549,1.4688824223901549,20.037558199837378,57659.41567190316,0.5588044705025963,1.0000111690642328,1.000075424915052,1.0000278378029162,1.0000278378029162,11.769158759303616,-5.312552221381541,9.285142378998579,1771738.393484195,9.28514237899865,9.285142378998579,4204.383184096084,4879.937367797463,1771738.393484195,1.0000278378029162,1.0000278378029162,57659.41567190316,0.5588044705025963,1.000075424915052,1.0000111690642328,11.769045804006637,-5.312628450029511,1.4688504209578863,1.4688504209578863,6177.568052802275,7170.170715413243,2200336.720779877,84710.34079612457,0.6610776337117128,11.533477677148836,5211.581123951625,46.885042095788634,-31.921031611719663,-36.145305330301625,6.945227304415669,32.816171741528485,19.12484731851403,81.61949279313536,8.344199885749696
PAN,PAN,12399,2006,4094.1141958869,127.965000100735,0,0,0,4.851756789815975,0,5493.665054436534,18464.088558879248,1771970.008304786,13.997719773142398,-2.360625376144195,0.021512169331280848,8113.086146124128,0.11042771412214808,2435.6231302659526,3058.0419241705818,0.021512169331280848,-3.83913648856641,12.331154900343442,-3.522655763442835,42950.281581446216,0.35297298467997684,143.93512084121505,5349.72993359534,1,3.360978213254584,1.3201703907024402,1.3201703907024402,250.85730527735356,42930.43036257677,0.35288913307388037,1.0000266155292439,1.000090872372587,1.0000735872790176,1.0000735872790176,12.331154900343442,-3.522655763442835,143.8289143609136,1771738.393484195,143.8289143609151,143.8289143609136,5489.71643647837,18450.817339949393,1771738.393484195,1.0000735872790176,1.0000735872790176,42930.43036257677,0.35288913307388037,1.000090872372587,1.0000266155292439,12.330767462109534,-3.5230064750270524,1.3201416291469221,1.3201416291469221,7252.41593495136,24375.211950831897,2200336.720779877,56693.04336295084,0.3752573555881032,178.75422972236885,6643.87432277548,32.014162914692214,-24.252202060984196,-27.6770632678221,74.93971849474634,117.25909871485713,18.443581688696277,61.868514640735526,8.61135089909534
PHL,PHL,12400,2006,47273.8131675401,295.331452438617,0,0,0,5.688098293198689,0,99341.81734920785,88290.71466668506,1771970.008304786,16.94476670670236,-1.6872679430014226,0.011098743130405138,7701.401934569007,0.26929595026958064,46937.647694914944,52404.16965429366,0.011098743130405138,-4.500923408570051,15.156545323822504,-2.1822872274025156,46045.21113605975,0.44178805173828084,4785.446863126998,94556.3704860808,1,0.8887567896641574,1.3472114952226166,1.3472114952226166,8685.484666642651,46028.44184331497,0.44172640580212214,1.0000148826462862,1.0000791387357095,1.0000426974466678,1.0000426974466678,15.156545323822504,-2.1822872274025156,4783.68856617647,1771738.393484195,4783.688566176434,4783.68856617647,99298.54857659487,88252.25925124485,1771738.393484195,1.0000426974466678,1.0000426974466678,46028.44184331497,0.44172640580212214,1.0000791387357095,1.0000148826462862,15.15634321380729,-2.1824526107691864,1.3471821445429715,1.3471821445429715,133831.522539302,118943.67432789637,2200336.720779877,62023.178153048175,0.4793000832863694,5943.086460734381,117430.34690072943,34.71821445429715,-25.772604854833315,-29.36781701953456,80.4367307217384,124.08588414893038,9.161409609547277,48.30504730999905,11.506321882728027
POL,POL,12401,2006,154613.151314708,243.753248236966,0,0,0,5.496156435889538,0,228336.55959385136,245769.5494827984,1771970.008304786,17.048442404660086,-1.0907982803548426,0.012919181454923845,15958.326954432005,0.41285674145669177,110040.3050037917,118296.25459006116,0.012919181454923845,-4.349042137516742,15.407508899297474,-1.6939346969856424,82344.71394605385,0.7546371792286177,11667.145161381408,216669.4144324691,1,1.0763477820632648,1.3145427907902978,1.3145427907902978,20161.092252637616,82324.04768148156,0.7546173378661992,1.0000026465609448,1.000066901864075,1.0000175606540076,1.0000175606540076,15.407508899297474,-1.6939346969856424,11666.376777327703,1771738.393484195,11666.376777327696,11666.376777327703,228297.38520083218,245727.38421175853,1771738.393484195,1.0000175606540076,1.0000175606540076,82324.04768148156,0.7546173378661992,1.000066901864075,1.0000026465609448,15.40745760549428,-1.6939492641404301,1.31451415183905,1.31451415183905,300151.6389683582,323067.55088624614,2200336.720779877,108229.14329263075,0.798860015394684,14489.52510126084,269083.55691728037,31.451415183904995,-23.92792330489264,-27.315714936904378,83.15830470145156,127.46582962389735,10.417856617684206,46.738412612992406,12.338575958084538
PRT,PRT,12402,2006,56401.1210355077,214.150375435972,0,0,0,5.366678457204705,0,91667.1993129741,106818.18165712024,1771970.008304786,16.3669062049799,-1.5028908514236143,0.01431298977148283,12665.235772606786,0.27094804238785275,40840.42077121971,50826.778541754145,0.01431298977148283,-4.246587778411569,14.716664542395938,-2.243733634939923,65963.56617428176,0.568368434376283,3738.138835744399,87929.06047722949,1,1.1652824833495457,1.3165837019696294,1.3165837019696294,6479.662361221803,65943.9488857207,0.5683270990640327,1.0000079421040968,1.0000721977475344,1.0000302756554653,1.0000302756554653,14.716664542395938,-2.243733634939923,3737.322375869012,1771738.393484195,3737.3223758690333,3737.322375869012,91640.22533783267,106786.74935638161,1771738.393484195,1.0000302756554653,1.0000302756554653,65943.9488857207,0.5683270990640327,1.0000721977475344,1.0000079421040968,14.716536960408668,-2.2438244902785973,1.3165550185545907,1.3165550185545907,120684.91129233998,140632.01313355757,2200336.720779877,86833.31259203967,0.6026097908702454,4642.425867109326,109199.83520323742,31.655501855459068,-24.04584695192682,-27.447148660748443,72.99750840001764,114.84705176333354,12.473081465960423,50.41715629947341,11.425919898650706
QAT,QAT,12403,2006,11732.3795282788,26.3000649389163,0,0,0,3.269571408340986,0,15028.157837848412,23872.823196328805,1771970.008304786,14.51299860636689,-2.7164047690399484,0.07523247255751225,13257.050297932577,0.2037825613222859,9990.815620656565,5037.342217191832,0.07523247255751225,-2.5871723253076433,13.260956945401032,-3.399360369873917,46366.219674683234,0.40343248502726403,1442.9201919630584,13585.237645885358,1,1.5885395571375425,1.232042806644822,1.232042806644822,2190.2510929239684,46351.370926080876,0.40339392298699434,1.0000099382688221,1.000074194040541,1.0000366314981437,1.0000366314981437,13.260956945401032,-3.399360369873917,1442.4950189851454,1771738.393484195,1442.4950189851384,1442.4950189851454,15022.819320163388,23864.342749809664,1771738.393484195,1.0000366314981437,1.0000366314981437,46351.370926080876,0.40339392298699434,1.000074194040541,1.0000099382688221,13.260791229633403,-3.399489358992695,1.2320159650584377,1.2320159650584377,18514.930381647337,29411.69930889449,2200336.720779877,57116.4561906437,0.40027127197577594,1791.9746477285923,16871.62019104791,23.201596505843767,-18.833988997244,-21.606339872730697,169.69058404490775,234.93099066144717,10.64159000260425,37.87353256334165,9.617680909556485
ROM,ROM,12404,2006,41975.3086369504,244.555070463634,0,0,0,5.499440520622944,0,66298.04836186398,81187.62657727054,1771970.008304786,16.174106120789975,-1.7301651332802672,0.012885652523450426,11107.902857848037,0.2584845851044976,24156.292724694067,42141.755637169685,0.012885652523450426,-4.351640794060703,14.410456099351686,-2.5308502113489237,64800.080497463096,0.5756622620676441,1859.3181136789626,64438.73024818463,1,1.2245854679482744,1.3417056400160883,1.3417056400160883,3347.096171436065,64782.09661314302,0.5756318356020984,1.0000053008041054,1.0000695562778394,1.0000206330042365,1.0000206330042365,14.410456099351686,-2.5308502113489237,1859.1271186085025,1771738.393484195,1859.1271186085062,1859.1271186085025,66283.69135636727,81170.045196976,1771738.393484195,1.0000206330042365,1.0000206330042365,64782.09661314302,0.5756318356020984,1.0000695562778394,1.0000053008041054,14.410386371799143,-2.5308832122534084,1.3416764092883533,1.3416764092883533,88950.52746897127,108927.52330483601,2200336.720779877,86929.37526893608,0.6219890854373464,2309.102707366199,80026.99773677083,34.16764092883533,-25.468003548974494,-29.029545620156338,52.9094582650673,89.8995343852874,13.614275324846714,55.312282710323004,11.101915739268053
SEN,SEN,12405,2006,2784.08530796142,129.503704279062,0,0,0,4.863709485202014,0,3007.8095007192555,5631.833847737938,1771970.008304786,13.834734173048853,-3.573325861499703,0.021309665882233268,5228.26971457011,0.11325807358427697,609.6065808278778,2398.2029198991754,0.021309665882233268,-3.84859451191366,11.818547414350588,-4.6775281485030895,39262.39315341102,0.3416788766330748,26.908029969352743,2980.901793315996,1,1.8724037697171985,1.3993825819446004,1.3993825819446004,52.693231187501155,39248.25276308087,0.3416325806639463,1.000014943027052,1.0000791991203386,1.000043060240251,1.000043060240251,11.818547414350588,-4.6775281485030895,26.898026166774343,1771738.393484195,26.898026166774603,26.898026166774343,3006.5050450394747,5629.391380005688,1771738.393484195,1.000043060240251,1.000043060240251,39248.25276308087,0.3416325806639463,1.0000791991203386,1.000014943027052,11.818343127667207,-4.677695708537794,1.3993520946528804,1.3993520946528804,4208.984525148325,7880.918491569075,2200336.720779877,54934.73062373123,0.38504576673980206,33.41730734241179,3702.0068543941534,39.93520946528803,-28.539913751792824,-32.43032488960777,24.297313149852997,54.36587219857909,18.449592365810418,71.59351317162633,8.008967352186339
SGP,SGP,12406,2006,140094.802127954,9.55982780456543,0,0,0,2.2575697148263445,0,329816.51049947913,306892.0871867843,1771970.008304786,16.71723418788384,-2.379168302530758,0.16756438380656527,32101.5645175875,1.8697734524480036,282569.061369119,47247.44913035829,0.16756438380656527,-1.7863876206377243,15.620249472554416,-1.767655620744796,96148.07808729645,1.0144073936001492,173894.8753867634,155921.63511271527,1,0.9304934028985459,1.2006112305281147,1.2006112305281147,250663.78118019024,96117.9280986365,1.0143171998213278,1.0000099749914082,1.00007423076546,1.000042395802347,1.000042395802347,15.620249472554416,-1.767655620744796,173831.61110779122,1771738.393484195,173831.61110779096,173831.61110779122,329690.1459913615,306774.50584562036,1771738.393484195,1.000042395802347,1.000042395802347,96117.9280986365,1.0143171998213278,1.00007423076546,1.0000099749914082,15.620049172328127,-1.7678191943223571,1.2005850737177473,1.2005850737177473,395972.7795713473,368450.05911853875,2200336.720779877,115418.85900654747,0.980782178707478,215961.49932523846,193640.38199108376,20.058507371774724,-16.709091621596073,-19.20678251273118,230.01069472029903,309.8430403233397,-11.353209022163302,7.817734599708537,12.706291750011873
SWE,SWE,12407,2006,126225.979861938,281.237905351615,0,0,0,5.639200949399708,0,247445.26175726717,222625.22615290512,1771970.008304786,17.2695299122505,-1.1521329250570218,0.01153659027569668,13863.534356755732,0.3976335115485126,115285.32893129624,132159.9328259699,0.01153659027569668,-4.462231531605672,15.640378269559413,-1.6241189121072817,70697.74012032077,0.6374760724138342,14101.378335035484,233343.88342223238,1,0.8996948439097233,1.3119640297301514,1.3119640297301514,24271.99203446105,70678.00692598279,0.6374413638048683,1.00000558694917,1.000069842441237,1.0000226935091556,1.0000226935091556,15.640378269559413,-1.6241189121072817,14099.581172753795,1771738.393484195,14099.581172753691,14099.581172753795,247388.22453733176,222573.91006021827,1771738.393484195,1.0000226935091556,1.0000226935091556,70678.00692598279,0.6374413638048683,1.000069842441237,1.00000558694917,15.640296179245174,-1.6241642757744303,1.3119354469604236,1.3119354469604236,324632.2100817593,292069.92557757697,2200336.720779877,92738.74778496435,0.6735092657131012,17512.619627309075,289791.71933708887,31.193544696042363,-23.778398085678997,-27.149010338360114,76.56174487429783,119.27350683409527,8.408205643678379,43.23722514448964,12.418944671913279
THA,THA,12408,2006,145666.424693829,182.838619738603,0,0,0,5.208603904422815,0,252672.32522682266,229260.76663550455,1771970.008304786,17.40598874206904,-1.2895839588923426,0.01622008003503327,12350.63198549528,0.4698211577322954,161926.7719810258,90745.55324579828,0.01622008003503327,-4.121505295964672,15.96173336970433,-1.367713038503677,52350.558563212406,0.5079998673405806,35330.9643413697,217341.36088545393,1,0.9073441914530938,1.2721510765367463,1.2721510765367463,57178.51487254462,52333.00868136538,0.5079436944069363,1.000011013161737,1.0000752690025025,1.0000342411976038,1.0000342411976038,15.96173336970433,-1.367713038503677,35321.56676709374,1771738.393484195,35321.56676709375,35321.56676709374,252582.40264320062,229179.17590157464,1771738.393484195,1.0000342411976038,1.0000342411976038,52333.00868136538,0.5079436944069363,1.0000752690025025,1.000011013161737,15.961581995231738,-1.36782768632877,1.2721233611417693,1.2721233611417693,321430.3676350519,291647.97703029687,2200336.720779877,66587.66368242205,0.5204272723785601,43877.81994609333,269918.052834024,27.212336114176928,-21.392984021806562,-24.482216615544907,139.50634836811392,197.4449360652521,1.6905150996663454,29.399860291349334,12.439848771062445
TTO,TTO,12409,2006,11243.0554561896,33.9775571374565,0,0,0,3.525700222472219,0,15975.987323956815,14629.532997698372,1771970.008304786,15.029772446885744,-3.2227785575445984,0.061430798874815416,8405.757102638076,0.20720920280793215,8243.249731843674,7732.7375921132325,0.061430798874815416,-2.7898439592544384,13.43671216066564,-3.7567351079758042,41346.059747890766,0.3534300102495665,982.532177099263,14993.455146857497,1,0.9157201180149057,1.3040959573257798,1.3040959573257798,1670.9593287672083,41328.01619750997,0.3533551662030458,1.0000236454550244,1.0000879021075657,1.0000674042935385,1.0000674042935385,13.43671216066564,-3.7567351079758042,981.8800323224798,1771738.393484195,981.8800323224812,981.8800323224798,15965.508558290328,14619.937381165606,1771738.393484195,1.0000674042935385,1.0000674042935385,41328.01619750997,0.3533551662030458,1.0000879021075657,1.0000236454550244,13.436361817729546,-3.7570487242613173,1.3040675459718047,1.3040675459718047,20833.766584029025,19077.899195022055,2200336.720779877,53911.00702321941,0.37116817407755803,1220.2149236986631,18620.49727675607,30.406754597180473,-23.31852618800908,-26.635961180060676,93.89582238183809,140.80084258578066,9.258409983680039,43.71222123584866,9.678842081652473
TUN,TUN,12410,2006,13817.362559805,157.395555368352,0,0,0,5.05876209777236,0,22031.99990937687,25484.1554482759,1771970.008304786,15.310834824375785,-2.687255781371005,0.018261919552283554,8751.836798476212,0.21128770990679002,5544.943758598607,16487.056150778146,0.018261919552283554,-4.002937285995175,13.377357676890163,-3.6172819241228464,60505.89181402373,0.5355246397813821,316.44152417457013,21715.558385202312,1,1.1566882513207428,1.3802245333327186,1.3802245333327186,602.8273572008119,60488.53553408573,0.5354913404294261,1.00000662255781,1.0000708781164898,1.0000239639601893,1.0000239639601893,13.377357676890163,-3.6172819241228464,316.3963714955462,1771738.393484195,316.3963714955484,316.3963714955462,22026.583174844418,25477.889975081685,1771738.393484195,1.0000239639601893,1.0000239639601893,60488.53553408573,0.5354913404294261,1.0000708781164898,1.00000662255781,13.377267964047546,-3.6173349103170893,1.3801944634229384,1.3801944634229384,30408.444293056637,35173.09025471991,2200336.720779877,83498.98127830336,0.5952329427856916,392.9913739982803,26968.73347833012,38.01944634229384,-27.54802020614868,-31.33485540648898,31.712770227797126,63.575190329276985,15.85443849475614,64.02463050138734,10.000251216855187
TUR,TUR,12411,2006,220398.128035066,443.412715728593,0,0,0,6.094500974553133,0,277857.30119719123,304865.72889517806,1771970.008304786,17.389702737387694,-0.5950675557643593,0.008046605634436514,13804.676673521848,0.3119512967943192,158281.47981889447,119575.82137829803,0.008046605634436514,-4.822504936793821,15.954857554670102,-1.0854026583637237,57965.76669270609,0.5093738254898968,23085.268354792148,254772.0328424008,1,1.0972025121586397,1.270157443169409,1.270157443169409,37243.46183094374,57948.88708986884,0.5093399375810558,1.0000067330563454,1.0000709886220678,1.0000269515948994,1.0000269515948994,15.954857554670102,-1.0854026583637237,23081.146854049173,1771738.393484195,23081.14685404937,23081.146854049173,277782.80063459196,304783.9866907369,1771738.393484195,1.0000269515948994,1.0000269515948994,57948.88708986884,0.5093399375810558,1.0000709886220678,1.0000067330563454,15.954749916475564,-1.0854735699108218,1.270129771208217,1.270129771208217,352914.8303981211,387219.0384908588,2200336.720779877,73614.42256247065,0.5210170562080555,28669.78773893115,316403.51721930015,27.01297712082169,-21.26960280571898,-24.343910769730236,113.0631677087854,164.60492896662186,8.19370188909917,38.348871193337565,12.534862955840564
TZA,TZA,12412,2006,997.196390259275,457.222489047146,0,0,0,6.125170119352986,0,1948.2493563187857,3799.7544681739346,1771970.008304786,13.695832044801485,-3.8074651943372078,0.007853680054597679,3891.137935344963,0.09657401591421023,154.7164041145298,1793.532952204571,0.007853680054597679,-4.846773060274657,11.539853011956742,-4.941255671562053,33605.19526717163,0.3000953315061532,5.765110264744772,1942.4842460540394,1,1.9503429865638786,1.4323691746042868,1.4323691746042868,11.828169800967299,33593.702501239975,0.3000601200613568,1.0000124656903622,1.0000767216245123,1.0000339271086254,1.0000339271086254,11.539853011956742,-4.941255671562053,5.7635985434656,1771738.393484195,5.763598543465638,5.7635985434656,1947.546509311427,3798.383675442505,1771738.393484195,1.0000339271086254,1.0000339271086254,33593.702501239975,0.3000601200613568,1.0000767216245123,1.0000124656903622,11.53970352195379,-4.941368434915133,1.4323379686585787,1.4323379686585787,2790.5515254700326,5442.532596345612,2200336.720779877,48127.70551372761,0.3461560799071215,7.15973862818257,2412.3874223461908,43.23379686585787,-30.185596162646767,-34.24225503432851,8.30490979640941,34.504772793883575,19.16525836298788,77.19336261263543,7.574686482334182
URY,URY,12413,2006,6268.31406076897,163.681638988799,0,0,0,5.097923315525611,0,9189.891155688798,9993.32188916562,1771970.008304786,14.922088905369069,-3.102944992207739,0.017704700952433823,5385.001945121603,0.1255582914358056,2404.792328773168,6785.09882691562,0.017704700952433823,-4.033925084132291,12.992714312693755,-4.047375996906877,37076.830677846054,0.32285429714792674,135.8312398374744,9054.059915851374,1,1.0874254895804154,1.3792811147719162,1.3792811147719162,258.4075774252689,37061.939992548265,0.32279716134391545,1.0000188559199825,1.000083112264686,1.0000488853052207,1.0000488853052207,12.992714312693755,-4.047375996906877,135.77125041462597,1771738.393484195,135.77125041462546,135.77125041462597,9185.203538331878,9988.224454566307,1771738.393484195,1.0000488853052207,1.0000488853052207,37061.939992548265,0.32279716134391545,1.000083112264686,1.0000188559199825,12.992475077227247,-4.047578505724586,1.3792510654156838,1.3792510654156838,12675.167167537944,13783.299862673555,2200336.720779877,51131.57391500867,0.3586056432031723,168.68995216370803,11244.312692130337,37.925106541568375,-27.498463562638985,-31.280058063099446,33.44035432372887,65.72069145884194,16.04664695175827,64.28778784131839,9.125859371502532
USA,USA,12414,2006,4233436.10339976,1853.80246735697,0,0,0,7.524994196413427,0,5019963.564348898,5563060.2444625255,1771970.008304786,19.38116102026588,1.8914847044141097,0.002594304203074802,34042.829360982054,0.4735829151032701,4493798.06574264,526165.4986062528,0.002594304203074802,-5.954436928153816,18.846532158220793,1.8788127359041773,58104.80025476067,0.4796223276968238,2599703.5206516827,2420260.043697184,1,1.1081873748986202,1.0931952284865625,1.0931952284865625,3106842.7844264247,58075.14022193085,0.4794852344362244,1.00003277620532,1.0000970334444652,1.0001021672555614,1.0001021672555614,18.846532158220793,1.8788127359041773,2596894.5533555592,1771738.393484195,2596894.5533555467,2596894.5533555592,5015253.174502752,5557840.249904176,1771738.393484195,1.0001021672555614,1.0001021672555614,58075.14022193085,0.4794852344362244,1.0000970334444652,1.00003277620532,18.845973255195467,1.8782905595272879,1.0931714118675278,1.0931714118675278,5487680.657162832,6081378.421743213,2200336.720779877,63510.204004535204,0.42223563032640626,3228593.5331466068,3005741.1791537893,9.317141186752774,-8.525030667722856,-9.871178990199247,359.9807570257177,471.2539471165679,-1.9311345097550614,7.24607521786278,15.428933233543743
ZAF,ZAF,12415,2006,150850.504554614,585.457936842656,0,0,0,6.3723943390269175,0,190479.33345262447,198603.72689127974,1771970.008304786,17.44772933228495,-0.6430001302335079,0.0064582390173240955,8930.004111046284,0.21319766088693795,128326.18294845721,62153.15050416591,0.0064582390173240955,-5.042398596286644,16.161906221284315,-0.9412520413454974,32305.57985547756,0.28728410295537316,26324.50632269025,164154.82712993253,1,1.042652361762259,1.2389990697423408,1.2389990697423408,40411.2417879319,32294.18580902616,0.2872473194425688,1.0000136464992464,1.0000779025092341,1.0000451171292097,1.0000451171292097,16.161906221284315,-0.9412520413454974,26314.06998032029,1771738.393484195,26314.06998032047,26314.06998032029,190395.7948325811,198516.62515179318,1771738.393484195,1.0000451171292097,1.0000451171292097,32294.18580902616,0.2872473194425688,1.0000779025092341,1.0000136464992464,16.16168959381127,-0.9414319421693668,1.2389720766051047,1.2389720766051047,235998.57531815433,246064.47192800193,2200336.720779877,40020.47958471836,0.2866423353801245,32692.624447963735,203865.25197828843,23.897207660510468,-19.289689199850844,-22.11959014962662,164.11344525315707,228.00469537682412,4.813867003542471,30.163085483388063,12.157298981850886
